Site,Lat,Long,mid-depth,Depth_Upper,Depth_Lower,ECa,GammaK,DEM,NDVI10,NDVImed,NDVI90,Clay,Silt,Sand,method of PSA,pH,EC,Organic Carbon,Organic Matter,Total Carbon (Combustion),Inorganic carbon (TC-OC),Exch. Calcium - Method 15C1,Exch. Magnesium - Method 15C1,Exch. Potassium - Method 15C1,Exch. Sodium - Method 15C1,Cation Exchange Capacity - Method 15C1,ESP
S1,-30.264663,149.85268,0.05,0,10,147.7031484,4.582331181,244.9010315,0.138805479,0.182145014,0.688713253,55.77109602,21.82347236,22.40543162,PSA,6.7,265,1,1.7,1.2,0.2,12,12,1.2,0.74,26,2.85
S1,-30.264663,149.85268,0.2,10,30,147.7031484,4.582331181,244.9010315,0.138805479,0.182145014,0.688713253,52.69699478,21.10428429,22.75541115,NIR,7.74,211,0.83,1.4,1.1,0.27,12,13,0.64,1.5,27,5.56
S1,-30.264663,149.85268,0.45,30,60,147.7031484,4.582331181,244.9010315,0.138805479,0.182145014,0.688713253,57.48031496,20.47244094,22.04724409,PSA,9.05,254,0.72,1.2,1.3,0.58,10,16,0.67,3.3,30,11
S1,-30.264663,149.85268,0.7,60,80,147.7031484,4.582331181,244.9010315,0.138805479,0.182145014,0.688713253,51.99911499,17.45808983,25.53447533,NIR,8.95,337,0.49,0.84,1.3,0.81,7,15,0.59,4.8,27,17.78
S1,-30.264663,149.85268,0.9,80,100,147.7031484,4.582331181,244.9010315,0.138805479,0.182145014,0.688713253,53.98920216,22.4955009,23.51529694,PSA,9.36,391,0.29,0.5,0.93,0.64,5.5,12,0.61,5.2,23,22.61
S10,-30.265302,149.884838,0.05,0,10,142.3945205,5.517578125,263.7429199,0.146911621,0.185737193,0.615439594,50.39706781,27.48930971,22.11362248,PSA,8.32,69,0.82,1.4,1.1,0.28,7.5,11,0.69,0.42,20,2.1
S10,-30.265302,149.884838,0.2,10,30,142.3945205,5.517578125,263.7429199,0.146911621,0.185737193,0.615439594,54.75682068,21.97114944,23.41884804,NIR,8.22,97,0.74,1.3,1,0.26,8,12,0.22,0.78,21,3.71
S10,-30.265302,149.884838,0.45,30,60,142.3945205,5.517578125,263.7429199,0.146911621,0.185737193,0.615439594,54.16792055,24.07463136,21.75744809,PSA,9.14,183,0.62,1.1,1.1,0.48,9,15,0.38,3,27,11.11
S10,-30.265302,149.884838,0.7,60,80,142.3945205,5.517578125,263.7429199,0.146911621,0.185737193,0.615439594,59.33605957,23.74036026,17.97440147,NIR,9.18,292,0.48,0.83,0.81,0.33,6,12,0.23,3.8,22,17.27
S11,-30.278542,149.838791,0.05,0,10,182.3609699,3.436733007,233.2019501,0.13104324,0.185662463,0.596829593,56.09224057,12.46494235,31.44281708,PSA,8.94,247,0.64,1.1,1.2,0.56,14,8.2,0.64,1.7,25,6.8
S11,-30.278542,149.838791,0.2,10,30,182.3609699,3.436733007,233.2019501,0.13104324,0.185662463,0.596829593,59.86071777,15.18445015,29.26007843,NIR,9.25,250,0.51,0.88,0.94,0.43,11,9.9,0.26,3,24,12.5
S11,-30.278542,149.838791,0.45,30,60,182.3609699,3.436733007,233.2019501,0.13104324,0.185662463,0.596829593,57.76636714,15.24390244,26.98973042,PSA,9.32,379,0.42,0.72,0.92,0.5,9.5,11,0.36,5.2,26,20
S11,-30.278542,149.838791,0.7,60,80,182.3609699,3.436733007,233.2019501,0.13104324,0.185662463,0.596829593,55.80745697,20.9389782,24.84916115,NIR,8.44,1611,0.24,0.41,0.65,0.41,10,7.3,0.38,4.3,22,19.55
S11,-30.278542,149.838791,0.9,80,100,182.3609699,3.436733007,233.2019501,0.13104324,0.185662463,0.596829593,61.66419019,21.54531947,16.79049034,PSA,8.98,1036,<0.15,0.26,0.4,0.25,5.5,6.7,0.31,5.7,18,31.67
S12,-30.275437,149.830843,0.05,0,10,140.7887946,4.628035069,231.1412506,0.142665878,0.193096384,0.746698439,48.45548153,18.17080557,33.3737129,PSA,8.49,189,1.02,1.8,1.1,0.08,9.5,9.1,1.5,0.22,20,1.1
S12,-30.275437,149.830843,0.2,10,30,140.7887946,4.628035069,231.1412506,0.142665878,0.193096384,0.746698439,59.89332199,22.82202148,16.79480743,NIR,8.62,129,0.89,1.5,1,0.11,9,12,0.49,0.41,22,1.86
S12,-30.275437,149.830843,0.45,30,60,140.7887946,4.628035069,231.1412506,0.142665878,0.193096384,0.746698439,58.28220859,13.03680982,28.6809816,PSA,9.01,215,0.56,0.96,1.6,1.04,8,16,0.61,1.4,26,5.38
S12,-30.275437,149.830843,0.7,60,80,140.7887946,4.628035069,231.1412506,0.142665878,0.193096384,0.746698439,62.02189636,19.41973877,15.53506565,NIR,9.6,284,0.37,0.64,1.6,1.23,5,15,0.51,3.3,24,13.75
S12,-30.275437,149.830843,0.88,80,95,140.7887946,4.628035069,231.1412506,0.142665878,0.193096384,0.746698439,58.27505828,18.21095571,23.51398601,PSA,9.68,369,0.24,0.41,1.5,1.26,4.3,15,0.69,4.8,25,19.2
S13,-30.272546,149.83739,0.05,0,10,139.5196365,5.145851135,234.8033295,0.151090145,0.193553671,0.682542384,45.31463748,26.50478796,28.18057456,PSA,8.7,145,1.28,2.2,1.5,0.22,10,4.9,1.9,0.022,17,0.13
S13,-30.272546,149.83739,0.2,10,30,139.5196365,5.145851135,234.8033295,0.151090145,0.193553671,0.682542384,51.32693863,25.49333191,88.28986359,NIR,8.64,98,1.08,1.9,1.2,0.12,11,7,0.79,0.022,19,0.12
S13,-30.272546,149.83739,0.45,30,60,139.5196365,5.145851135,234.8033295,0.151090145,0.193553671,0.682542384,52.43722304,15.50960118,32.05317578,PSA,8.54,135,0.79,1.4,1.7,0.91,11,9.9,0.72,0.022,22,0.1
S13,-30.272546,149.83739,0.7,60,80,139.5196365,5.145851135,234.8033295,0.151090145,0.193553671,0.682542384,54.92221069,24.28372383,26.76898956,NIR,8.68,116,0.48,0.83,4.2,3.72,7.5,8.2,0.41,0.022,16,0.14
S13,-30.272546,149.83739,0.85,80,90,139.5196365,5.145851135,234.8033295,0.151090145,0.193553671,0.682542384,47.64654923,20.93560497,31.4178458,PSA,8.7,132,0.29,0.5,4.5,4.21,7,9.9,0.33,0.029,17,0.17
S14,-30.274718,149.884349,0.05,0,10,147.5545786,5.205207348,263.1074219,0.127101958,0.173898071,0.673366129,47.59746147,21.90994258,30.49259595,PSA,8.52,203,0.79,1.4,0.96,0.17,12,9.1,1.4,0.57,23,2.48
S14,-30.274718,149.884349,0.2,10,30,147.5545786,5.205207348,263.1074219,0.127101958,0.173898071,0.673366129,56.62923431,25.33202744,14.09791946,NIR,8.85,116,0.61,1,0.88,0.27,10,9.1,0.61,1,21,4.76
S14,-30.274718,149.884349,0.45,30,60,147.5545786,5.205207348,263.1074219,0.127101958,0.173898071,0.673366129,49.44899689,24.72449845,25.82650466,PSA,9.09,188,0.59,1,0.91,0.32,11,12,0.46,2.3,26,8.85
S14,-30.274718,149.884349,0.7,60,80,147.5545786,5.205207348,263.1074219,0.127101958,0.173898071,0.673366129,50.84543228,22.4792366,22.03159904,NIR,9.21,276,0.53,0.91,0.98,0.45,8.5,13,0.44,4,26,15.38
S14,-30.274718,149.884349,0.9,80,100,147.5545786,5.205207348,263.1074219,0.127101958,0.173898071,0.673366129,49.33703361,21.5849522,29.07801418,PSA,9.53,314,0.3,0.52,0.99,0.69,6.5,12,0.38,4.4,23,19.13
S15,-30.283844,149.834467,0.05,0,10,147.9735385,3.425433397,231.0079956,0.138562486,0.193845436,0.602832854,50.05977286,12.70173341,37.23849372,PSA,8.65,205,0.68,1.2,0.9,0.22,18,8.2,1.2,0.57,28,2.04
S15,-30.283844,149.834467,0.2,10,30,147.9735385,3.425433397,231.0079956,0.138562486,0.193845436,0.602832854,56.60919952,12.71409225,29.30489349,NIR,8.9,169,0.51,0.88,0.95,0.44,17,11,0.67,1.3,30,4.33
S15,-30.283844,149.834467,0.45,30,60,147.9735385,3.425433397,231.0079956,0.138562486,0.193845436,0.602832854,50.23640662,13.29787234,36.46572104,PSA,9.02,274,0.48,0.83,1.1,0.62,14,12,0.41,3.3,30,11
S15,-30.283844,149.834467,0.7,60,80,147.9735385,3.425433397,231.0079956,0.138562486,0.193845436,0.602832854,56.23989868,10.8137598,33.07789993,NIR,9.14,312,0.46,0.79,1.1,0.64,8.5,8.2,0.44,3.9,21,18.57
S15,-30.283844,149.834467,0.85,80,90,147.9735385,3.425433397,231.0079956,0.138562486,0.193845436,0.602832854,55.69306931,13.14975248,31.15717822,PSA,9.23,348,0.41,0.71,0.74,0.33,11,11,0.61,5.7,28,20.36
S16,-30.271458,149.875227,0.05,0,10,127.8574795,4.584733009,257.4149475,0.13028197,0.173050866,0.649187386,50.07473842,13.4529148,36.47234679,PSA,8.2,138,0.75,1.3,0.96,0.21,15,9.1,1.3,0.26,26,1
S16,-30.271458,149.875227,0.2,10,30,127.8574795,4.584733009,257.4149475,0.13028197,0.173050866,0.649187386,54.61565399,16.02879333,29.71438217,NIR,8.35,153,0.57,0.98,0.81,0.24,14,12,0.74,0.52,27,1.93
S16,-30.271458,149.875227,0.45,30,60,127.8574795,4.584733009,257.4149475,0.13028197,0.173050866,0.649187386,50.73112504,16.41301104,32.85586392,PSA,8.83,166,0.47,0.81,0.93,0.46,12,16,0.51,1.3,30,4.33
S16,-30.271458,149.875227,0.7,60,80,127.8574795,4.584733009,257.4149475,0.13028197,0.173050866,0.649187386,52.63312149,14.44344711,29.51517487,NIR,9.18,224,0.41,0.71,0.9,0.49,8,16,0.9,2.3,27,8.52
S16,-30.271458,149.875227,0.9,80,100,127.8574795,4.584733009,257.4149475,0.13028197,0.173050866,0.649187386,51.08084098,15.54634291,33.37281611,PSA,9.36,282,0.81,1.4,1.3,0.49,6.5,16,0.72,3.1,26,11.92
S17,-30.276671,149.887489,0.05,0,10,121.839191,4.964675426,262.6378479,0.13035658,0.181822523,0.581758201,49.85119048,16.36904762,33.7797619,PSA,8.34,173,0.6,1,0.99,0.39,14,7.7,1.5,0.07,23,0.3
S17,-30.276671,149.887489,0.2,10,30,121.839191,4.964675426,262.6378479,0.13035658,0.181822523,0.581758201,48.08430862,18.29051399,25.72395515,NIR,8.29,119,0.64,1.1,0.82,0.18,14,7.2,0.77,0.022,22,0.1
S17,-30.276671,149.887489,0.45,30,60,121.839191,4.964675426,262.6378479,0.13035658,0.181822523,0.581758201,54.54850621,15.94494797,29.50654582,PSA,8.45,81,0.6,1,0.77,0.17,13,9.1,0.44,0.19,23,0.83
S17,-30.276671,149.887489,0.7,60,80,121.839191,4.964675426,262.6378479,0.13035658,0.181822523,0.581758201,45.68210602,16.42181396,31.49762154,NIR,8.41,91,0.54,0.93,0.73,0.19,13,11,0.49,0.3,25,1.2
S17,-30.276671,149.887489,0.9,80,100,121.839191,4.964675426,262.6378479,0.13035658,0.181822523,0.581758201,40.70335396,8.95473787,50.34190817,PSA,8.56,115,0.35,0.6,0.74,0.39,11,9.1,0.82,0.44,21,2.1
S18,-30.282576,149.820073,0.05,0,10,154.5290705,3.613658428,225.8434906,0.139158621,0.181264177,0.680900037,50.85003036,12.14329083,37.00667881,PSA,8.36,206,0.65,1.1,0.83,0.18,15,9.9,1,0.48,26,1.85
S18,-30.282576,149.820073,0.2,10,30,154.5290705,3.613658428,225.8434906,0.139158621,0.181264177,0.680900037,58.51459503,9.291283607,30.3651886,NIR,8.78,176,0.53,0.91,0.87,0.34,15,12,0.61,1.3,29,4.48
S18,-30.282576,149.820073,0.45,30,60,154.5290705,3.613658428,225.8434906,0.139158621,0.181264177,0.680900037,59.15795943,9.987707437,30.85433313,PSA,9.12,242,0.52,0.89,0.79,0.27,12,15,0.67,3.6,31,11.61
S18,-30.282576,149.820073,0.7,60,80,154.5290705,3.613658428,225.8434906,0.139158621,0.181264177,0.680900037,60.34931183,11.8458662,26.67131805,NIR,9.37,292,0.48,0.83,0.92,0.44,10,15,0.69,5.2,31,16.77
S18,-30.282576,149.820073,0.9,80,100,154.5290705,3.613658428,225.8434906,0.139158621,0.181264177,0.680900037,58.79510309,12.88659794,28.31829897,PSA,9.39,360,0.38,0.65,0.9,0.52,8,12,0.69,5.2,26,20
S19,-30.285861,149.826839,0.05,0,10,157.3736787,3.591239929,227.593277,0.13895224,0.208478898,0.600133359,51.15859163,14.29431237,34.547096,PSA,8.2,273,0.92,1.6,1.1,0.18,15,9.9,1.2,0.3,26,1.15
S19,-30.285861,149.826839,0.2,10,30,157.3736787,3.591239929,227.593277,0.13895224,0.208478898,0.600133359,49.56027222,19.00876808,31.18642426,NIR,8.64,122,0.76,1.3,0.97,0.21,15,12,0.61,0.96,29,3.31
S19,-30.285861,149.826839,0.45,30,60,157.3736787,3.591239929,227.593277,0.13895224,0.208478898,0.600133359,53.83895131,16.38576779,29.7752809,PSA,8.95,205,0.69,1.2,0.99,0.3,15,15,0.61,2.4,33,7.27
S19,-30.285861,149.826839,0.7,60,80,157.3736787,3.591239929,227.593277,0.13895224,0.208478898,0.600133359,53.16192245,17.46640396,25.61778831,NIR,8.91,326,0.69,1.2,1.1,0.41,12,15,0.59,3.5,31,11.29
S19,-30.285861,149.826839,0.9,80,100,157.3736787,3.591239929,227.593277,0.13895224,0.208478898,0.600133359,62.66276042,9.765625,27.57161458,PSA,9.04,403,0.63,1.1,1.1,0.47,8.5,12,0.46,4,25,16
S2,-30.263587,149.860751,0.05,0,10,151.1892292,4.49176693,247.3591766,0.13506493,0.187883481,0.640395582,55.53817272,17.99123905,26.47058824,PSA,8.58,175,0.85,1.5,0.98,0.13,13,12,1.5,0.78,27,2.89
S2,-30.263587,149.860751,0.2,10,30,151.1892292,4.49176693,247.3591766,0.13506493,0.187883481,0.640395582,57.40236664,23.40344429,22.1360054,NIR,8.64,201,0.67,1.2,0.97,0.3,13,13,0.84,1.6,28,5.71
S2,-30.263587,149.860751,0.45,30,60,151.1892292,4.49176693,247.3591766,0.13506493,0.187883481,0.640395582,53.55046948,15.40492958,31.04460094,PSA,9.21,272,0.48,0.83,0.99,0.51,9.5,15,0.54,3.1,28,11.07
S2,-30.263587,149.860751,0.7,60,80,151.1892292,4.49176693,247.3591766,0.13506493,0.187883481,0.640395582,51.06988907,20.36221123,18.63069725,NIR,9.53,317,0.24,0.41,0.99,0.75,6,12,0.49,4.1,23,17.83
S2,-30.263587,149.860751,0.88,80,95,151.1892292,4.49176693,247.3591766,0.13506493,0.187883481,0.640395582,46.25417046,18.95662724,34.78920231,PSA,9.68,339,0.18,0.31,0.69,0.51,4,8.1,0.41,3.5,16,21.88
S20,-30.278559,149.82857,0.05,0,10,144.6899909,3.668415785,229.7151337,0.131727412,0.18113552,0.711392403,54.03782648,14.25998199,31.70219153,PSA,8.29,157,0.9,1.5,1.1,0.2,16,9.9,1.7,0.15,28,0.54
S20,-30.278559,149.82857,0.2,10,30,144.6899909,3.668415785,229.7151337,0.131727412,0.18113552,0.711392403,54.06583023,13.0874052,32.97264481,NIR,8.41,135,0.61,1,0.95,0.34,15,11,0.77,0.33,27,1.22
S20,-30.278559,149.82857,0.45,30,60,144.6899909,3.668415785,229.7151337,0.131727412,0.18113552,0.711392403,56.19834711,9.917355372,33.88429752,PSA,8.78,153,0.54,0.93,0.99,0.45,13,12,0.67,0.87,27,3.22
S20,-30.278559,149.82857,0.7,60,80,144.6899909,3.668415785,229.7151337,0.131727412,0.18113552,0.711392403,53.50682068,12.96204185,32.91965866,NIR,8.83,192,0.59,1,0.97,0.38,8.5,12,0.59,1.4,22,6.36
S20,-30.278559,149.82857,0.9,80,100,144.6899909,3.668415785,229.7151337,0.131727412,0.18113552,0.711392403,51.00574713,15.0862069,33.90804598,PSA,9.12,217,0.49,0.84,0.91,0.42,8.5,13,0.61,2.1,24,8.75
S21,-30.276896,149.843088,0.05,0,10,107.2384064,1.133232474,236.9454803,0.205287397,0.359507263,0.573719919,5.403812144,4.421300845,90.17488701,PSA,6.62,126,0.5,0.86,0.67,0.17,0.32,0.28,0.33,0.022,0.95,2.32
S21,-30.276896,149.843088,0.2,10,30,107.2384064,1.133232474,236.9454803,0.205287397,0.359507263,0.573719919,34.20808411,14.41143703,81.58987427,NIR,6.4,66,0.39,0.67,0.4,0.01,0.3,0.26,0.14,0.022,0.72,3.06
S21,-30.276896,149.843088,0.45,30,60,107.2384064,1.133232474,236.9454803,0.205287397,0.359507263,0.573719919,15.32175689,13.27885598,71.39938713,PSA,8.99,129,<0.15,0.26,0.21,0.06,1.1,4.5,0.26,1.4,7.3,19.18
S21,-30.276896,149.843088,0.7,60,80,107.2384064,1.133232474,236.9454803,0.205287397,0.359507263,0.573719919,33.06600189,9.617995262,62.51684189,NIR,9.51,358,<0.15,0.26,0.16,0.01,1.5,6.9,0.28,2.9,12,24.17
S21,-30.276896,149.843088,0.9,80,100,107.2384064,1.133232474,236.9454803,0.205287397,0.359507263,0.573719919,35.13953962,5.092686902,59.76777348,PSA,9.33,483,<0.15,0.26,0.17,0.02,0.95,7.4,0.36,4,13,30.77
S22,-30.263432,149.899964,0.05,0,10,125.2490875,5.839712143,273.7011108,0.200708315,0.322032124,0.497645199,36.35788808,15.80777743,47.83433449,PSA,7.88,113,1,1.7,1.2,0.2,9,6.4,1.3,0.11,17,0.65
S22,-30.263432,149.899964,0.2,10,30,125.2490875,5.839712143,273.7011108,0.200708315,0.322032124,0.497645199,46.59946823,18.42967796,32.38998032,NIR,7.92,79,0.77,1.3,1,0.23,14,9.1,0.61,0.17,24,0.71
S22,-30.263432,149.899964,0.45,30,60,125.2490875,5.839712143,273.7011108,0.200708315,0.322032124,0.497645199,48.20936639,19.13070095,32.65993266,PSA,8.42,111,0.66,1.1,1.1,0.44,15,12,0.54,0.48,28,1.71
S22,-30.263432,149.899964,0.7,60,80,125.2490875,5.839712143,273.7011108,0.200708315,0.322032124,0.497645199,48.36686707,15.4873848,28.08874321,NIR,8.45,158,0.66,1.1,1.1,0.44,13,14,0.51,0.65,28,2.32
S22,-30.263432,149.899964,0.9,80,100,125.2490875,5.839712143,273.7011108,0.200708315,0.322032124,0.497645199,50.92592593,19.29012346,29.78395062,PSA,8.73,165,0.61,1,1.1,0.49,13,16,0.56,1.1,31,3.55
S23,-30.277575,149.834507,0.05,0,10,172.3987342,3.980249882,231.3972321,0.189604878,0.308664858,0.591339648,43.63694065,16.66137734,39.70168201,PSA,7.92,249,0.94,1.6,1.1,0.16,8.5,11,1,0.4,21,1.9
S23,-30.277575,149.834507,0.2,10,30,172.3987342,3.980249882,231.3972321,0.189604878,0.308664858,0.591339648,50.3554039,18.33935928,33.09246826,NIR,8.52,207,0.74,1.3,1.1,0.36,9.5,12,0.69,0.87,23,3.78
S23,-30.277575,149.834507,0.45,30,60,172.3987342,3.980249882,231.3972321,0.189604878,0.308664858,0.591339648,46.62379421,13.66559486,39.71061093,PSA,8.91,222,0.65,1.1,1.2,0.55,9,16,0.59,1.7,27,6.3
S23,-30.277575,149.834507,0.7,60,80,172.3987342,3.980249882,231.3972321,0.189604878,0.308664858,0.591339648,56.71993256,17.47971344,27.53168869,NIR,9.28,295,0.6,1,1.2,0.6,7.5,17,0.49,2.7,28,9.64
S23,-30.277575,149.834507,0.88,80,95,172.3987342,3.980249882,231.3972321,0.189604878,0.308664858,0.591339648,53.27608142,14.3129771,32.41094148,PSA,9.27,332,0.53,0.91,1,0.47,6.5,17,0.56,3.2,27,11.85
S24,-30.257766,149.893432,0.05,0,10,161.3080527,5.571778774,265.969635,0.139216676,0.184830591,0.620129883,51.90311419,20.44668135,27.65020447,PSA,7.99,156,0.8,1.4,1,0.2,15,11,0.87,0.36,27,1.33
S24,-30.257766,149.893432,0.2,10,30,161.3080527,5.571778774,265.969635,0.139216676,0.184830591,0.620129883,48.73764038,18.64307404,29.66459084,NIR,8.3,91,0.79,1.4,0.99,0.2,15,11,0.64,0.87,28,3.11
S24,-30.257766,149.893432,0.45,30,60,161.3080527,5.571778774,265.969635,0.139216676,0.184830591,0.620129883,53.22633475,19.65280052,27.12086472,PSA,8.89,152,0.72,1.2,1,0.28,16,12,0.77,2.1,31,6.77
S24,-30.257766,149.893432,0.7,60,80,161.3080527,5.571778774,265.969635,0.139216676,0.184830591,0.620129883,49.38282013,22.5107975,31.68276596,NIR,8.88,189,0.72,1.2,1,0.28,13,12,0.51,2.8,28,10
S25,-30.266035,149.897947,0.05,0,10,155.236213,5.960235119,274.1459656,0.154532671,0.196848184,0.62099123,44.07294833,18.23708207,37.6899696,PSA,7.75,81,1,1.7,1.3,0.3,10,9.1,1.3,0.2,21,0.95
S25,-30.266035,149.897947,0.2,10,30,155.236213,5.960235119,274.1459656,0.154532671,0.196848184,0.62099123,46.14661026,19.05644226,33.02783585,NIR,7.64,111,0.93,1.6,1.3,0.37,13,11,0.64,0.33,25,1.32
S25,-30.266035,149.897947,0.45,30,60,155.236213,5.960235119,274.1459656,0.154532671,0.196848184,0.62099123,50.01538935,14.61988304,35.36472761,PSA,8.58,132,0.74,1.3,1,0.26,13,12,0.41,0.74,26,2.85
S25,-30.266035,149.897947,0.7,60,80,155.236213,5.960235119,274.1459656,0.154532671,0.196848184,0.62099123,47.85435486,24.41295242,27.32198715,NIR,8.45,181,0.64,1.1,1,0.36,12,12,0.38,1.2,26,4.62
S25,-30.266035,149.897947,0.9,80,100,155.236213,5.960235119,274.1459656,0.154532671,0.196848184,0.62099123,49.84423676,17.13395639,33.02180685,PSA,8.82,188,0.63,1.1,1,0.37,10,12,0.44,2,24,8.33
S26,-30.264101,149.899173,0.05,0,10,148.3221964,6.015975952,273.4944153,0.138830766,0.193137854,0.645688772,29.5992714,15.17911354,55.22161506,PSA,7.48,100,0.86,1.5,0.99,0.13,9,5.2,1,0.19,15,1.27
S26,-30.264101,149.899173,0.2,10,30,148.3221964,6.015975952,273.4944153,0.138830766,0.193137854,0.645688772,39.47371292,19.85541534,38.27197647,NIR,7.77,67,0.71,1.2,0.99,0.28,11,6.4,0.54,0.25,18,1.39
S26,-30.264101,149.899173,0.45,30,60,148.3221964,6.015975952,273.4944153,0.138830766,0.193137854,0.645688772,45.59270517,15.19756839,39.20972644,PSA,8.64,97,0.67,1.2,0.9,0.23,14,11,0.49,0.83,26,3.19
S26,-30.264101,149.899173,0.7,60,80,148.3221964,6.015975952,273.4944153,0.138830766,0.193137854,0.645688772,50.01967621,20.24583054,27.05772972,NIR,8.99,174,0.65,1.1,0.94,0.29,12,13,0.38,1.8,27,6.67
S26,-30.264101,149.899173,0.9,80,100,148.3221964,6.015975952,273.4944153,0.138830766,0.193137854,0.645688772,54.01483392,20.15478878,25.8303773,PSA,9.29,226,0.65,1.1,0.94,0.29,10,15,0.41,3.7,29,12.76
S27,-30.267325,149.885644,0.05,0,10,144.1002387,5.841292381,265.3091736,0.139537871,0.185621083,0.583888531,43.17643075,15.23874026,41.58482899,PSA,7.11,219,0.77,1.3,0.94,0.17,7.5,7.1,0.74,0.57,16,3.56
S27,-30.267325,149.885644,0.2,10,30,144.1002387,5.841292381,265.3091736,0.139537871,0.185621083,0.583888531,50.0828743,22.08841133,26.43951988,NIR,8.27,167,0.68,1.2,0.9,0.22,11,11,0.46,1.1,24,4.58
S27,-30.267325,149.885644,0.45,30,60,144.1002387,5.841292381,265.3091736,0.139537871,0.185621083,0.583888531,28.92561983,10.74380165,60.33057851,PSA,8.98,182,0.4,0.69,0.65,0.25,9.5,9.1,0.33,1.4,20,7
S27,-30.267325,149.885644,0.7,60,80,144.1002387,5.841292381,265.3091736,0.139537871,0.185621083,0.583888531,37.31803894,19.01196289,46.98557663,NIR,8.96,133,0.26,0.45,0.36,0.1,6,6.9,0.26,1.8,15,12
S27,-30.267325,149.885644,0.88,80,95,144.1002387,5.841292381,265.3091736,0.139537871,0.185621083,0.583888531,29.67597048,12.03079885,58.29323067,PSA,9.27,91,0.24,0.41,0.36,0.12,7,9.1,0.11,3.3,20,16.5
S28,-30.275125,149.880262,0.05,0,10,152.796612,4.097705364,259.9962158,0.115285084,0.162053674,0.632539451,55.62619199,2.383979657,41.98982835,PSA,8.2,211,0.7,1.2,0.94,0.24,14,9.1,1,1,25,4
S28,-30.275125,149.880262,0.2,10,30,152.796612,4.097705364,259.9962158,0.115285084,0.162053674,0.632539451,59.26674271,19.17968941,26.2123909,NIR,8.96,204,0.54,0.93,0.79,0.25,16,12,0.51,2.2,31,7.1
S28,-30.275125,149.880262,0.45,30,60,152.796612,4.097705364,259.9962158,0.115285084,0.162053674,0.632539451,55.60776942,19.5802005,24.81203008,PSA,9.3,271,0.42,0.72,0.79,0.37,12,14,0.49,5.2,32,16.25
S28,-30.275125,149.880262,0.7,60,80,152.796612,4.097705364,259.9962158,0.115285084,0.162053674,0.632539451,54.84896851,18.91769028,28.57579994,NIR,9.92,294,0.32,0.55,0.62,0.3,7.5,11,0.26,6.5,25,26
S29,-30.262713,149.852816,0.05,0,10,150.2158648,4.283918858,244.6181335,0.142437026,0.181601658,0.655089796,52.14819427,16.34495641,31.50684932,PSA,8.5,427,0.73,1.3,1.1,0.37,13,12,0.67,0.74,26,2.85
S29,-30.262713,149.852816,0.2,10,30,150.2158648,4.283918858,244.6181335,0.142437026,0.181601658,0.655089796,54.31102753,19.07365417,33.0383606,NIR,9.03,227,0.67,1.2,1.3,0.63,12,15,0.44,1.7,29,5.86
S29,-30.262713,149.852816,0.45,30,60,150.2158648,4.283918858,244.6181335,0.142437026,0.181601658,0.655089796,50.54315027,16.5962583,32.86059143,PSA,9.32,291,0.4,0.69,1,0.6,9.5,16,0.38,3.7,30,12.33
S29,-30.262713,149.852816,0.7,60,80,150.2158648,4.283918858,244.6181335,0.142437026,0.181601658,0.655089796,50.42257309,18.79182434,28.25638771,NIR,9.71,332,0.25,0.43,0.74,0.49,6,12,0.19,4.8,23,20.87
S29,-30.262713,149.852816,0.88,80,95,150.2158648,4.283918858,244.6181335,0.142437026,0.181601658,0.655089796,35.08510003,14.18333831,50.73156166,PSA,9.7,346,0.16,0.28,0.62,0.46,5,12,0.36,4.8,22,21.82
S3,-30.267655,149.850792,0.05,0,10,152.6180441,4.498130798,242.2137604,0.135523438,0.191244602,0.699925005,58.21173549,17.85159888,23.93666563,PSA,8.75,223,0.75,1.3,0.97,0.22,14,9.9,0.87,0.74,26,2.85
S3,-30.267655,149.850792,0.2,10,30,152.6180441,4.498130798,242.2137604,0.135523438,0.191244602,0.699925005,60.89108276,23.16978073,17.00925636,NIR,8.85,169,0.68,1.2,1.1,0.42,13,12,0.61,1.1,27,4.07
S3,-30.267655,149.850792,0.45,30,60,152.6180441,4.498130798,242.2137604,0.135523438,0.191244602,0.699925005,62.65862944,17.44923858,19.89213198,PSA,9.15,212,0.58,1,1,0.42,12,15,0.74,2.6,30,8.67
S3,-30.267655,149.850792,0.7,60,80,152.6180441,4.498130798,242.2137604,0.135523438,0.191244602,0.699925005,60.70602798,23.62763977,10.35057735,NIR,9.37,270,0.44,0.76,0.82,0.38,9,15,0.64,4.8,29,16.55
S3,-30.267655,149.850792,0.9,80,100,152.6180441,4.498130798,242.2137604,0.135523438,0.191244602,0.699925005,63.81620932,19.1448628,17.03892789,PSA,9.58,336,0.3,0.52,0.59,0.29,7,12,0.56,5.2,25,20.8
S30,-30.261139,149.870552,0.05,0,10,142.4561147,4.375223637,251.3080292,0.122533724,0.173733979,0.631071806,51.02040816,17.96493245,31.01465938,PSA,8.68,152,0.52,0.89,0.76,0.24,17,12,0.95,0.61,31,1.97
S30,-30.261139,149.870552,0.2,10,30,142.4561147,4.375223637,251.3080292,0.122533724,0.173733979,0.631071806,55.83041382,12.56796265,30.8590889,NIR,8.87,169,0.51,0.88,0.78,0.27,15,14,0.64,1.3,31,4.19
S30,-30.261139,149.870552,0.45,30,60,142.4561147,4.375223637,251.3080292,0.122533724,0.173733979,0.631071806,52.4256651,13.30203443,34.27230047,PSA,9.27,223,0.45,0.77,0.81,0.36,10,14,0.41,3,27,11.11
S30,-30.261139,149.870552,0.7,60,80,142.4561147,4.375223637,251.3080292,0.122533724,0.173733979,0.631071806,55.49821472,16.33796501,25.45251465,NIR,9.51,302,0.36,0.62,0.86,0.5,7.5,13,0.49,4.3,25,17.2
S30,-30.261139,149.870552,0.9,80,100,142.4561147,4.375223637,251.3080292,0.122533724,0.173733979,0.631071806,54.50015571,14.01432576,31.48551853,PSA,9.53,370,0.27,0.46,0.87,0.6,6.5,13,0.54,5.2,25,20.8
S4,-30.265899,149.853125,0.05,0,10,147.4542263,4.307341099,244.4859619,0.138644651,0.189329848,0.689990282,54.88386892,15.9083678,29.20776328,PSA,8.7,285,0.84,1.4,0.97,0.13,15,11,1,0.78,28,2.79
S4,-30.265899,149.853125,0.2,10,30,147.4542263,4.307341099,244.4859619,0.138644651,0.189329848,0.689990282,58.6520462,21.25673866,18.56451416,NIR,8.92,223,0.69,1.2,1.1,0.41,14,13,0.44,1.5,29,5.17
S4,-30.265899,149.853125,0.45,30,60,147.4542263,4.307341099,244.4859619,0.138644651,0.189329848,0.689990282,53.73831776,17.13395639,29.12772586,PSA,9.21,247,0.6,1,1.2,0.6,12,14,0.67,3.1,30,10.33
S4,-30.265899,149.853125,0.7,60,80,147.4542263,4.307341099,244.4859619,0.138644651,0.189329848,0.689990282,56.42972946,23.34467506,20.01237297,NIR,9.45,333,0.61,1,1,0.39,8.5,12,0.69,4.8,26,18.46
S4,-30.265899,149.853125,0.88,80,95,147.4542263,4.307341099,244.4859619,0.138644651,0.189329848,0.689990282,53.07172724,20.10292699,26.82534577,PSA,9.53,434,0.3,0.52,0.71,0.41,4.8,8.2,0.44,4.4,18,24.44
S5,-30.265924,149.869151,0.05,0,10,143.9315399,4.048741817,253.9397736,0.126525611,0.181925282,0.560594678,52.85579047,21.30009467,25.84411486,PSA,8.67,155,0.88,1.5,1.1,0.22,16,9.9,1.6,0.61,28,2.18
S5,-30.265924,149.869151,0.2,10,30,143.9315399,4.048741817,253.9397736,0.126525611,0.181925282,0.560594678,56.81588745,22.3185482,29.35889816,NIR,8.99,165,0.51,0.88,0.93,0.42,11,9.1,0.95,1.4,22,6.36
S5,-30.265924,149.869151,0.45,30,60,143.9315399,4.048741817,253.9397736,0.126525611,0.181925282,0.560594678,54.63219452,16.92828563,28.43951985,PSA,9.24,256,0.56,0.96,0.94,0.38,10,13,0.82,3.2,27,11.85
S5,-30.265924,149.869151,0.7,60,80,143.9315399,4.048741817,253.9397736,0.126525611,0.181925282,0.560594678,53.83536148,19.64481544,26.5891819,NIR,9.47,344,0.36,0.62,0.98,0.62,7,13,0.49,4.8,25,19.2
S5,-30.265924,149.869151,0.9,80,100,143.9315399,4.048741817,253.9397736,0.126525611,0.181925282,0.560594678,51.3803681,18.40490798,30.21472393,PSA,9.62,384,0.3,0.52,0.77,0.47,5,12,0.59,5.7,23,24.78
S6,-30.268069,149.846951,0.05,0,10,152.4864274,4.088449001,240.4844818,0.131161854,0.177929893,0.591962934,50.59153176,14.7882939,34.62017435,PSA,7.61,257,0.64,1.1,0.91,0.27,8,11,0.69,1.6,21,7.62
S6,-30.268069,149.846951,0.2,10,30,152.4864274,4.088449001,240.4844818,0.131161854,0.177929893,0.591962934,60.63674927,25.32096672,25.10570717,NIR,8.85,297,0.53,0.91,0.97,0.44,8,12,0.36,2.9,23,12.61
S6,-30.268069,149.846951,0.45,30,60,152.4864274,4.088449001,240.4844818,0.131161854,0.177929893,0.591962934,42.67216009,19.86462625,37.46321366,PSA,9.49,405,0.4,0.69,0.84,0.44,6,12,0.54,4.8,23,20.87
S6,-30.268069,149.846951,0.7,60,80,152.4864274,4.088449001,240.4844818,0.131161854,0.177929893,0.591962934,47.1586647,17.5759697,39.0097847,NIR,9.42,523,0.15,0.26,0.36,0.21,3.4,8.2,0.46,5.2,17,30.59
S6,-30.268069,149.846951,0.9,80,100,152.4864274,4.088449001,240.4844818,0.131161854,0.177929893,0.591962934,40.37365421,25.33248892,34.29385687,PSA,9.46,786,<0.15,0.26,0.42,0.27,3.9,8.2,0.31,5.7,18,31.67
S7,-30.272084,149.895901,0.05,0,10,141.9775654,5.491512299,271.3359985,0.127045423,0.174290255,0.647362232,59.69667635,21.78121975,18.5221039,PSA,8.35,115,0.79,1.4,1,0.21,10,12,1.3,0.042,23,0.18
S7,-30.272084,149.895901,0.2,10,30,141.9775654,5.491512299,271.3359985,0.127045423,0.174290255,0.647362232,61.07849503,22.13325691,17.79198837,NIR,8.3,70,0.65,1.1,1,0.35,10,12,0.72,0.13,23,0.57
S7,-30.272084,149.895901,0.45,30,60,141.9775654,5.491512299,271.3359985,0.127045423,0.174290255,0.647362232,62.36526024,21.55836156,16.0763782,PSA,8.76,100,0.71,1.2,1,0.29,11,15,0.84,0.37,27,1.37
S7,-30.272084,149.895901,0.7,60,80,141.9775654,5.491512299,271.3359985,0.127045423,0.174290255,0.647362232,60.41552734,24.08659172,8.194853783,NIR,8.98,146,0.54,0.93,1.2,0.66,8.5,15,0.51,0.7,25,2.8
S7,-30.272084,149.895901,0.85,80,90,141.9775654,5.491512299,271.3359985,0.127045423,0.174290255,0.647362232,54.83870968,20.96774194,24.19354839,PSA,9.01,157,0.36,0.62,1,0.64,8,16,0.51,0.91,25,3.64
S8,-30.258601,149.89123,0.05,0,10,170.2048048,4.819519043,263.2955322,0.134969845,0.171756074,0.67615658,58.12101911,22.29299363,19.58598726,PSA,8.75,208,0.63,1.1,1,0.37,14,11,1.1,0.74,27,2.74
S8,-30.258601,149.89123,0.2,10,30,170.2048048,4.819519043,263.2955322,0.134969845,0.171756074,0.67615658,57.3195343,23.07230377,14.51669312,NIR,8.96,163,0.48,0.83,0.95,0.47,13,12,0.56,1.2,27,4.44
S8,-30.258601,149.89123,0.45,30,60,170.2048048,4.819519043,263.2955322,0.134969845,0.171756074,0.67615658,55.65862709,20.09894867,24.24242424,PSA,9.23,245,0.33,0.57,0.85,0.52,10,13,0.61,2.9,27,10.74
S8,-30.258601,149.89123,0.7,60,80,170.2048048,4.819519043,263.2955322,0.134969845,0.171756074,0.67615658,53.00593185,18.76244354,16.15544319,NIR,9.51,343,0.27,0.46,0.75,0.48,7,12,0.49,4.8,24,20
S8,-30.258601,149.89123,0.9,80,100,170.2048048,4.819519043,263.2955322,0.134969845,0.171756074,0.67615658,57.54475703,18.38235294,24.07289003,PSA,9.67,368,0.21,0.36,0.71,0.5,6,12,0.56,5.7,24,23.75
S9,-30.272367,149.896524,0.05,0,10,146.1882659,5.516218662,271.4320984,0.126636043,0.174745336,0.662965775,60.13470173,22.45028865,17.41500962,PSA,8.43,218,0.84,1.4,1,0.16,13,12,1.9,0.022,27,0.08
S9,-30.272367,149.896524,0.2,10,30,146.1882659,5.516218662,271.4320984,0.126636043,0.174745336,0.662965775,63.14261246,24.8452034,14.70187473,NIR,8.55,146,0.62,1.1,1,0.38,13,14,0.51,0.13,28,0.46
S9,-30.272367,149.896524,0.45,30,60,146.1882659,5.516218662,271.4320984,0.126636043,0.174745336,0.662965775,62.48022778,19.77222398,17.74754824,PSA,8.83,151,0.65,1.1,1.2,0.55,12,17,0.87,0.61,30,2.03
S9,-30.272367,149.896524,0.7,60,80,146.1882659,5.516218662,271.4320984,0.126636043,0.174745336,0.662965775,59.69211578,23.76049232,15.43252087,NIR,8.99,192,0.56,0.96,1.2,0.64,11,21,0.51,1.7,34,5
S9,-30.272367,149.896524,0.88,80,95,146.1882659,5.516218662,271.4320984,0.126636043,0.174745336,0.662965775,61.07233503,26.17385787,12.75380711,PSA,9.12,209,0.52,0.89,1.2,0.68,9,19,0.41,2.1,31,6.77
TA1,-30.28102126,149.818628,0.05,0,10,158.2905448,3.838969469,225.3836212,0.142501563,0.19267422,0.690265477,56.99764252,17.27855301,29.26978111,NIR,8.12,124,,,,,,,,,,
TA1,-30.28102126,149.818628,0.45,40,50,158.2905448,3.838969469,225.3836212,0.142501563,0.19267422,0.690265477,70.95635986,16.64800262,10.49163055,NIR,8.9,169,,,,,,,,,,
TA2,-30.2813569,149.8225679,0.05,0,10,154.7616643,3.418371916,227.0079041,0.131314799,0.173508793,0.65188098,55.06177139,22.44014359,31.87422371,NIR,8.56,91,,,,,,,,,,
TA2,-30.2813569,149.8225679,0.45,40,50,154.7616643,3.418371916,227.0079041,0.131314799,0.173508793,0.65188098,62.01977158,19.13193321,18.78099442,NIR,9.35,286,,,,,,,,,,
TA3,-30.28022618,149.8285591,0.05,0,10,139.1232308,3.490162373,229.7694244,0.126333594,0.179631785,0.717618048,57.25879288,26.06856155,17.50241661,NIR,8.24,83,,,,,,,,,,
TA3,-30.28022618,149.8285591,0.45,40,50,139.1232308,3.490162373,229.7694244,0.126333594,0.179631785,0.717618048,57.85839462,23.47590637,22.23343849,NIR,9.35,385,,,,,,,,,,
TA4,-30.27797987,149.830808,0.05,0,10,148.0493709,4.279098511,230.5395966,0.134326965,0.185512081,0.706168592,50.5919342,23.83951569,24.54981804,NIR,9.35,64,,,,,,,,,,
TA4,-30.27797987,149.830808,0.45,40,50,148.0493709,4.279098511,230.5395966,0.134326965,0.185512081,0.706168592,58.06024933,23.9552021,20.06887436,NIR,9.2,187,,,,,,,,,,
TAB,-30.26717535,149.882689,0.05,0,10,151.2262315,4.792497158,260.3092651,0.127893597,0.173751861,0.62772131,42.45148468,20.63090897,37.0071907,NIR,9.85,73,,,,,,,,,,
TAB,-30.26717535,149.882689,0.45,40,50,151.2262315,4.792497158,260.3092651,0.127893597,0.173751861,0.62772131,46.28803635,24.04124451,32.30428696,NIR,8.86,154,,,,,,,,,,
TAB1,-30.26929718,149.882903,0.05,0,10,139.129055,5.666369915,263.2702637,0.135541812,0.173763707,0.577294469,53.75276184,22.21949196,25.69657135,NIR,7.73,56,,,,,,,,,,
TAB1,-30.26929718,149.882903,0.45,40,50,139.129055,5.666369915,263.2702637,0.135541812,0.173763707,0.577294469,57.28617859,21.32234192,25.39889526,NIR,9.05,182,,,,,,,,,,
TAB2,-30.27283315,149.880646,0.05,0,10,149.2578801,5.03164053,263.0981445,0.131144106,0.177117839,0.664868832,52.63161087,19.44849205,37.63595581,NIR,7.6,79,,,,,,,,,,
TAB2,-30.27283315,149.880646,0.45,40,50,149.2578801,5.03164053,263.0981445,0.131144106,0.177117839,0.664868832,57.56308365,22.88618279,15.04631901,NIR,9.33,253,,,,,,,,,,
TAB4,-30.27671362,149.8821499,0.05,0,10,150.9220566,3.939651728,260.4832764,0.126693174,0.1773545,0.653427303,52.22725677,22.9676857,21.76324844,NIR,8.48,94,,,,,,,,,,
TAB4,-30.27671362,149.8821499,0.45,40,50,150.9220566,3.939651728,260.4832764,0.126693174,0.1773545,0.653427303,57.2092247,22.83525085,14.01160622,NIR,9.34,281,,,,,,,,,,
TAC1,-30.26399085,149.8858839,0.05,0,10,144.3272043,6.101981163,264.392334,0.138534084,0.18769449,0.609160304,56.64229202,22.0555172,24.53022003,NIR,8.1,51,,,,,,,,,,
TAC1,-30.26399085,149.8858839,0.45,40,50,144.3272043,6.101981163,264.392334,0.138534084,0.18769449,0.609160304,55.2195015,21.29690933,23.83647919,NIR,8.73,100,,,,,,,,,,
TAC2,-30.26258731,149.8876411,0.05,0,10,153.8330007,5.831153393,265.3240051,0.146132275,0.185845524,0.614225447,54.58945084,21.10432053,26.27251434,NIR,7.91,55,,,,,,,,,,
TAC2,-30.26258731,149.8876411,0.45,40,50,153.8330007,5.831153393,265.3240051,0.146132275,0.185845524,0.614225447,56.07387161,23.83067894,18.71929359,NIR,8.71,129,,,,,,,,,,
TAC3,-30.2623213,149.891193,0.05,0,10,153.5979468,6.290547848,266.9286804,0.146576405,0.192629531,0.664916217,44.00125885,19.12191391,36.1505127,NIR,7.05,49,,,,,,,,,,
TAC3,-30.2623213,149.891193,0.45,40,50,153.5979468,6.290547848,266.9286804,0.146576405,0.192629531,0.664916217,53.6761322,19.24962044,25.83395576,NIR,7.76,61,,,,,,,,,,
TAC4,-30.25983462,149.8932519,0.05,0,10,158.2554159,5.392329693,266.9846802,0.135138974,0.181151375,0.660768747,39.02548981,22.97245598,40.63564301,NIR,7.85,53,,,,,,,,,,
TAC4,-30.25983462,149.8932519,0.45,40,50,158.2554159,5.392329693,266.9846802,0.135138974,0.181151375,0.660768747,47.55277252,22.81074142,30.40340614,NIR,8.35,113,,,,,,,,,,
TAD1,-30.26524563,149.8916319,0.05,0,10,126.7770065,6.005281925,269.4475403,0.134481519,0.181670278,0.554500103,38.68597412,11.31700516,43.43282318,NIR,7.71,135,,,,,,,,,,
TAD1,-30.26524563,149.8916319,0.45,40,50,126.7770065,6.005281925,269.4475403,0.134481519,0.181670278,0.554500103,39.81493759,15.33427048,37.9082756,NIR,7.39,97,,,,,,,,,,
TAD2,-30.27088496,149.890816,0.05,0,10,146.6139661,5.082808018,267.4234009,0.126269355,0.164095998,0.630875468,56.03487778,22.58899307,17.75072098,NIR,6.88,65,,,,,,,,,,
TAD2,-30.27088496,149.890816,0.45,40,50,146.6139661,5.082808018,267.4234009,0.126269355,0.164095998,0.630875468,56.47611618,23.11902618,12.04041767,NIR,8.92,157,,,,,,,,,,
TAG2,-30.27056688,149.895872,0.05,0,10,133.3854719,6.076806545,271.4082642,0.139428973,0.185976431,0.632387698,44.7442894,20.10220337,30.67168236,NIR,7.35,61,,,,,,,,,,
TAG2,-30.27056688,149.895872,0.45,40,50,133.3854719,6.076806545,271.4082642,0.139428973,0.185976431,0.632387698,47.74075699,19.36617279,23.429842,NIR,7.7,78,,,,,,,,,,
TAG3,-30.26882367,149.8965749,0.05,0,10,160.7482661,4.82033205,272.321991,0.129831582,0.179436848,0.614665687,53.57973862,21.4398613,18.52569199,NIR,8.22,64,,,,,,,,,,
TAG3,-30.26882367,149.8965749,0.45,40,50,160.7482661,4.82033205,272.321991,0.129831582,0.179436848,0.614665687,54.29680252,22.45953941,16.8656826,NIR,9.16,203,,,,,,,,,,
TAG4,-30.26761533,149.899402,0.05,0,10,143.0366862,4.997029305,275.3404846,0.135084152,0.182157397,0.635914862,50.64611053,24.23393631,25.16761971,NIR,7.82,48,,,,,,,,,,
TAG4,-30.26761533,149.899402,0.45,40,50,143.0366862,4.997029305,275.3404846,0.135084152,0.182157397,0.635914862,52.63566589,24.59238243,22.16554451,NIR,8.95,162,,,,,,,,,,
TAG5,-30.26112681,149.895461,0.05,0,10,133.816089,5.719447136,269.3603516,0.134842321,0.185606718,0.616233587,41.889431,25.2076149,35.98911285,NIR,7.27,44,,,,,,,,,,
TAG5,-30.26112681,149.895461,0.45,40,50,133.816089,5.719447136,269.3603516,0.134842321,0.185606718,0.616233587,49.63269043,22.61874199,25.63539124,NIR,8.35,82,,,,,,,,,,
TB1,-30.27694819,149.821351,0.05,0,10,166.196818,3.755754232,226.753479,0.130974203,0.182682008,0.619909525,55.11708832,17.09461212,42.3443718,NIR,10.18,463,,,,,,,,,,
TB1,-30.27694819,149.821351,0.45,40,50,166.196818,3.755754232,226.753479,0.130974203,0.182682008,0.619909525,62.45620346,15.23820591,27.47768784,NIR,9.63,575,,,,,,,,,,
TB2,-30.27881131,149.822631,0.05,0,10,147.2339888,3.253763199,227.1273346,0.126397923,0.173478305,0.655444682,64.51635742,11.67188644,34.92739868,NIR,7.95,438,,,,,,,,,,
TB2,-30.27881131,149.822631,0.45,40,50,147.2339888,3.253763199,227.1273346,0.126397923,0.173478305,0.655444682,65.54798889,17.93076897,22.12901878,NIR,7.66,368,,,,,,,,,,
TB3,-30.28024095,149.821272,0.05,0,10,143.4713803,3.35467267,226.7301483,0.127052948,0.17351976,0.64838469,65.25867462,7.132718563,29.95246887,NIR,7.87,483,,,,,,,,,,
TB3,-30.28024095,149.821272,0.45,40,50,143.4713803,3.35467267,226.7301483,0.127052948,0.17351976,0.64838469,59.95881271,10.49236012,28.61624527,NIR,8.32,351,,,,,,,,,,
TB4,-30.2838632,149.8229461,0.05,0,10,156.1110525,3.491586685,226.7065582,0.130764946,0.173750103,0.674946785,58.33752441,17.09075356,20.69147491,NIR,7.76,290,,,,,,,,,,
TB4,-30.2838632,149.8229461,0.45,40,50,156.1110525,3.491586685,226.7065582,0.130764946,0.173750103,0.674946785,61.07082367,13.57758427,25.55475235,NIR,8.76,570,,,,,,,,,,
TB5,-30.28595319,149.828159,0.05,0,10,150.080154,3.80555892,227.9028778,0.13873978,0.189446718,0.649200499,51.1516037,18.91303444,27.90613937,NIR,8.73,112,,,,,,,,,,
TB5,-30.28595319,149.828159,0.45,40,50,150.080154,3.80555892,227.9028778,0.13873978,0.189446718,0.649200499,53.61284256,22.36974335,30.56713676,NIR,8.75,330,,,,,,,,,,
TC2,-30.27669313,149.8244341,0.05,0,10,162.8901071,4.337562561,229.2072906,0.138311043,0.18875058,0.623592734,48.28099442,28.1988678,75.57594299,NIR,9.04,215,,,,,,,,,,
TC2,-30.27669313,149.8244341,0.45,40,50,162.8901071,4.337562561,229.2072906,0.138311043,0.18875058,0.623592734,62.38949585,24.95248032,62.6714592,NIR,10.19,143,,,,,,,,,,
TC3,-30.27659257,149.8299829,0.05,0,10,127.173119,4.296104908,230.6838684,0.138739184,0.184286758,0.732616961,58.1178093,19.18593597,19.75895309,NIR,8.47,82,,,,,,,,,,
TC3,-30.27659257,149.8299829,0.45,40,50,127.173119,4.296104908,230.6838684,0.138739184,0.184286758,0.732616961,57.98773956,19.85504913,23.42961502,NIR,8.81,125,,,,,,,,,,
TC4,-30.27471921,149.8354021,0.05,0,10,156.7852756,3.909237623,232.7142792,0.138191313,0.184661791,0.627044737,48.91110611,21.70155334,30.16463661,NIR,8.06,122,,,,,,,,,,
TC4,-30.27471921,149.8354021,0.45,40,50,156.7852756,3.909237623,232.7142792,0.138191313,0.184661791,0.627044737,55.80330658,22.41551399,25.37952805,NIR,9.66,306,,,,,,,,,,
TD3,-30.27790628,149.8265181,0.05,0,10,136.2587518,3.16468668,229.032547,0.130689397,0.177069053,0.642454982,51.39308167,20.7976017,21.62092972,NIR,8.41,66,,,,,,,,,,
TD3,-30.27790628,149.8265181,0.45,40,50,136.2587518,3.16468668,229.032547,0.130689397,0.177069053,0.642454982,57.2692337,19.89749336,24.50109863,NIR,8.78,146,,,,,,,,,,
TD4,-30.28377866,149.8285759,0.05,0,10,139.6546944,3.573118925,228.8266144,0.135252327,0.182197884,0.688622773,53.41482925,21.29854012,23.72500229,NIR,8.59,156,,,,,,,,,,
TD4,-30.28377866,149.8285759,0.45,40,50,139.6546944,3.573118925,228.8266144,0.135252327,0.182197884,0.688622773,60.07688904,19.60882378,15.80389118,NIR,9.21,196,,,,,,,,,,
TE2,-30.2740081,149.83208,0.05,0,10,135.7455678,4.29450655,232.4674683,0.158493847,0.20896104,0.767221332,44.61278534,26.4421463,86.61223602,NIR,8.34,241,,,,,,,,,,
TE2,-30.2740081,149.83208,0.45,40,50,135.7455678,4.29450655,232.4674683,0.158493847,0.20896104,0.767221332,53.87762833,19.41166496,24.55692291,NIR,8.54,145,,,,,,,,,,
TE3,-30.2708338,149.837493,0.05,0,10,162.0122413,4.383565903,234.9248352,0.146744281,0.18932274,0.662851632,43.84638977,23.07263947,32.5787735,NIR,8.74,151,,,,,,,,,,
TE3,-30.2708338,149.837493,0.45,40,50,162.0122413,4.383565903,234.9248352,0.146744281,0.18932274,0.662851632,54.58078384,22.61717796,23.50978851,NIR,9.15,218,,,,,,,,,,
TE4,-30.26868303,149.841019,0.05,0,10,165.0360972,4.264855385,236.9833069,0.146965921,0.194022432,0.698299825,47.09008408,19.7172718,33.74490356,NIR,8.04,237,,,,,,,,,,
TE4,-30.26868303,149.841019,0.45,40,50,165.0360972,4.264855385,236.9833069,0.146965921,0.194022432,0.698299825,49.55138779,21.76337433,28.16556931,NIR,9.43,253,,,,,,,,,,
TE5,-30.265896,149.8429,0.05,0,10,159.9185351,3.796364069,238.1043091,0.177475408,0.28335011,0.604501128,43.27576828,15.90316963,41.01105118,NIR,6.34,258,,,,,,,,,,
TE5,-30.265896,149.8429,0.45,40,50,159.9185351,3.796364069,238.1043091,0.177475408,0.28335011,0.604501128,49.22513199,16.77357864,34.34663391,NIR,9.34,183,,,,,,,,,,
TF2,-30.27451459,149.8446169,0.05,0,10,103.470957,1.254274964,238.5479584,0.205086961,0.376224369,0.613702297,33.36942673,21.19183922,81.78354645,NIR,7.09,45,,,,,,,,,,
TF2,-30.27451459,149.8446169,0.45,40,50,103.470957,1.254274964,238.5479584,0.205086961,0.376224369,0.613702297,33.46391296,11.41650391,64.60100555,NIR,9.5,119,,,,,,,,,,
TF3,-30.27677341,149.8417971,0.05,0,10,171.939,2.52648735,235.3755188,0.15855214,0.216651931,0.658254802,47.20184326,19.00020981,64.36858368,NIR,6.93,726,,,,,,,,,,
TF3,-30.27677341,149.8417971,0.45,40,50,171.939,2.52648735,235.3755188,0.15855214,0.216651931,0.658254802,62.28277969,13.49880791,12.38066483,NIR,9.44,352,,,,,,,,,,
TF4,-30.27859255,149.8387789,0.05,0,10,179.7887229,3.401085138,233.2019501,0.13104324,0.185662463,0.596829593,52.80925369,21.72419548,16.55936623,NIR,9.01,182,,,,,,,,,,
TF4,-30.27859255,149.8387789,0.45,40,50,179.7887229,3.401085138,233.2019501,0.13104324,0.185662463,0.596829593,64.38117218,20.80078316,6.972882271,NIR,9.59,48,,,,,,,,,,
TF5,-30.28295139,149.8350821,0.05,0,10,139.2502291,3.936346054,231.2331543,0.142999098,0.197735459,0.616233528,52.66699219,15.39339256,26.24511719,NIR,7.97,48,,,,,,,,,,
TF5,-30.28295139,149.8350821,0.45,40,50,139.2502291,3.936346054,231.2331543,0.142999098,0.197735459,0.616233528,52.52467346,19.71234322,21.6615715,NIR,8.86,154,,,,,,,,,,
TG2,-30.26859035,149.850257,0.05,0,10,171.7013399,3.948866367,242.0730286,0.138343841,0.189357996,0.659647405,55.14547348,22.0354538,25.61708641,NIR,8.75,134,,,,,,,,,,
TG2,-30.26859035,149.850257,0.45,40,50,171.7013399,3.948866367,242.0730286,0.138343841,0.189357996,0.659647405,55.91579056,18.32121658,27.4317131,NIR,9.33,276,,,,,,,,,,
TG3,-30.26664066,149.847953,0.05,0,10,136.2271578,3.941590548,241.4296265,0.127319068,0.179982975,0.597730219,47.20980453,14.73753166,40.9803772,NIR,8.29,72,,,,,,,,,,
TG3,-30.26664066,149.847953,0.45,40,50,136.2271578,3.941590548,241.4296265,0.127319068,0.179982975,0.597730219,44.63750076,16.59247208,41.95372772,NIR,9.86,203,,,,,,,,,,
TG4,-30.26112865,149.8533029,0.05,0,10,153.8799165,4.174965858,244.5033112,0.138632491,0.192964777,0.662332296,48.41954803,21.1886425,29.40270996,NIR,8.5,137,,,,,,,,,,
TG4,-30.26112865,149.8533029,0.45,40,50,153.8799165,4.174965858,244.5033112,0.138632491,0.192964777,0.662332296,52.20272446,19.5556488,25.77846718,NIR,9.34,281,,,,,,,,,,
TH3,-30.28020843,149.8403,0.05,0,10,158.9029729,3.426279306,233.0846558,0.134602785,0.181558013,0.53850764,56.37738419,10.2671175,36.50207138,NIR,7.07,162,,,,,,,,,,
TH3,-30.28020843,149.8403,0.45,40,50,158.9029729,3.426279306,233.0846558,0.134602785,0.181558013,0.53850764,56.00499344,14.46519661,37.52383041,NIR,9.47,254,,,,,,,,,,
TH4,-30.28374106,149.836151,0.05,0,10,134.3322168,3.843862772,231.7084808,0.142706439,0.189127401,0.629429162,49.84137344,9.299414635,45.46477509,NIR,7.7,69,,,,,,,,,,
TH4,-30.28374106,149.836151,0.45,40,50,134.3322168,3.843862772,231.7084808,0.142706439,0.189127401,0.629429162,55.19387054,12.10010052,38.76690674,NIR,9.13,259,,,,,,,,,,
TH5,-30.28599557,149.832022,0.05,0,10,155.5221292,3.528542995,229.8694916,0.14198187,0.197379157,0.593103468,53.14899445,15.45401478,30.12372017,NIR,7.13,73,,,,,,,,,,
TH5,-30.28599557,149.832022,0.45,40,50,155.5221292,3.528542995,229.8694916,0.14198187,0.197379157,0.593103468,62.26001358,15.63879013,22.62751389,NIR,8.98,191,,,,,,,,,,
TI3,-30.26847467,149.849454,0.05,0,10,156.8087108,3.893297434,241.3511658,0.139024884,0.181742281,0.689603984,57.11131668,22.20452881,22.42995644,NIR,7.65,80,,,,,,,,,,
TI3,-30.26847467,149.849454,0.45,40,50,156.8087108,3.893297434,241.3511658,0.139024884,0.181742281,0.689603984,59.35808945,19.35117722,25.03448868,NIR,8.47,335,,,,,,,,,,
TI4,-30.26635276,149.8474619,0.05,0,10,155.2077037,4.154013157,240.8848114,0.122338228,0.178316906,0.57361424,49.89217377,20.68673897,35.26115799,NIR,8.16,89,,,,,,,,,,
TI4,-30.26635276,149.8474619,0.45,40,50,155.2077037,4.154013157,240.8848114,0.122338228,0.178316906,0.57361424,59.21923447,15.6789217,21.76608467,NIR,9.06,313,,,,,,,,,,
TJ3,-30.27082904,149.846995,0.05,0,10,162.0496644,3.486711025,239.5733032,0.138887316,0.187776968,0.631317616,56.78917694,17.38711739,23.95684624,NIR,8.5,34,,,,,,,,,,
TJ3,-30.27082904,149.846995,0.45,40,50,162.0496644,3.486711025,239.5733032,0.138887316,0.187776968,0.631317616,53.11027145,17.97015762,35.33212662,NIR,9.65,491,,,,,,,,,,
TJ4,-30.27192165,149.843965,0.05,0,10,145.1696421,4.215995312,237.1867371,0.14698498,0.202959165,0.696471274,55.57733154,24.91674614,22.19097328,NIR,8.72,140,,,,,,,,,,
TJ4,-30.27192165,149.843965,0.45,40,50,145.1696421,4.215995312,237.1867371,0.14698498,0.202959165,0.696471274,55.77714157,19.41701698,21.88772583,NIR,8.76,196,,,,,,,,,,
TL3,-30.26557436,149.8547091,0.05,0,10,150.7225328,4.241969109,244.920105,0.143647164,0.193490833,0.673252404,48.9534111,18.73045731,36.44338226,NIR,7.86,64,,,,,,,,,,
TL3,-30.26557436,149.8547091,0.45,40,50,150.7225328,4.241969109,244.920105,0.143647164,0.193490833,0.673252404,52.58261108,18.04871178,33.03674698,NIR,9.03,203,,,,,,,,,,
TL4,-30.26244931,149.8488791,0.05,0,10,158.1035948,4.367148399,241.9009247,0.150235683,0.204880565,0.694195867,45.42604065,18.42719269,37.18434143,NIR,7.94,87,,,,,,,,,,
TL4,-30.26244931,149.8488791,0.45,40,50,158.1035948,4.367148399,241.9009247,0.150235683,0.204880565,0.694195867,56.67177582,13.38038731,24.88873482,NIR,9.03,251,,,,,,,,,,
TN2,-30.26309167,149.862805,0.05,0,10,130.9747823,3.860791683,248.6786652,0.123651966,0.173017234,0.600000024,52.50030136,19.0969429,27.11008263,NIR,8.55,84,,,,,,,,,,
TN2,-30.26309167,149.862805,0.45,40,50,130.9747823,3.860791683,248.6786652,0.123651966,0.173017234,0.600000024,54.74715042,19.59758759,28.5222702,NIR,9.17,272,,,,,,,,,,
TO1,-30.26128415,149.861515,0.05,0,10,152.8997829,3.98052597,246.6923828,0.135268912,0.185658917,0.619638324,58.93321609,15.33956242,29.15411758,NIR,8.54,103,,,,,,,,,,
TO1,-30.26128415,149.861515,0.45,40,50,152.8997829,3.98052597,246.6923828,0.135268912,0.185658917,0.619638324,59.24835587,18.6999588,30.64231873,NIR,8.21,313,,,,,,,,,,
TO2,-30.26011228,149.865102,0.05,0,10,161.0995475,3.936181068,249.1132507,0.131467506,0.173112169,0.611611187,50.36365509,18.06745529,36.39511871,NIR,8.7,79,,,,,,,,,,
TO2,-30.26011228,149.865102,0.45,40,50,161.0995475,3.936181068,249.1132507,0.131467506,0.173112169,0.611611187,61.46195602,15.36550903,23.92511559,NIR,9.07,251,,,,,,,,,,
TO3,-30.25887314,149.871984,0.05,0,10,160.6905598,4.289360046,252.7636719,0.127309993,0.18199487,0.607713699,54.15779114,16.17247391,31.60022545,NIR,8.39,155,,,,,,,,,,
TO3,-30.25887314,149.871984,0.45,40,50,160.6905598,4.289360046,252.7636719,0.127309993,0.18199487,0.607713699,58.39842224,15.70289421,27.94958305,NIR,9.21,200,,,,,,,,,,
TP3,-30.26191823,149.866164,0.05,0,10,162.614611,4.362043858,251.2471619,0.122928835,0.177855656,0.605633795,56.41562271,14.99854279,22.8021698,NIR,8.6,104,,,,,,,,,,
TP3,-30.26191823,149.866164,0.45,40,50,162.614611,4.362043858,251.2471619,0.122928835,0.177855656,0.605633795,62.43629456,16.46045303,14.56290722,NIR,9.11,282,,,,,,,,,,
TP4,-30.25829193,149.867224,0.05,0,10,159.6653358,4.057976723,248.5214996,0.138829187,0.208883971,0.567828774,59.09667969,13.5868187,27.92500687,NIR,8.8,78,,,,,,,,,,
TP4,-30.25829193,149.867224,0.45,40,50,159.6653358,4.057976723,248.5214996,0.138829187,0.208883971,0.567828774,65.56543732,16.81805801,18.61771584,NIR,9.4,174,,,,,,,,,,
TR2,-30.27409555,149.876316,0.05,0,10,165.4825689,4.254080772,257.27771,0.122680388,0.170064032,0.60237968,56.01784134,14.53112984,31.21245575,NIR,8.75,93,,,,,,,,,,
TR2,-30.27409555,149.876316,0.45,40,50,165.4825689,4.254080772,257.27771,0.122680388,0.170064032,0.60237968,61.31794357,19.0087719,28.83017349,NIR,9.23,198,,,,,,,,,,
TR3,-30.27343787,149.883856,0.05,0,10,155.9026511,4.84685564,263.3126831,0.123071723,0.166357934,0.625296474,55.62748718,15.89581013,29.29660606,NIR,8.36,147,,,,,,,,,,
TR3,-30.27343787,149.883856,0.45,40,50,155.9026511,4.84685564,263.3126831,0.123071723,0.166357934,0.625296474,51.95904922,13.08388519,28.04471207,NIR,9.19,238,,,,,,,,,,
TR4,-30.27241897,149.891084,0.05,0,10,159.0207655,4.872594833,266.9543762,0.119630434,0.169583783,0.616149426,52.64515305,22.74886894,22.74799919,NIR,8.52,127,,,,,,,,,,
TR4,-30.27241897,149.891084,0.45,40,50,159.0207655,4.872594833,266.9543762,0.119630434,0.169583783,0.616149426,51.07936859,18.95788956,31.44904137,NIR,8.45,229,,,,,,,,,,
TR5,-30.27451822,149.8967081,0.05,0,10,150.1992022,5.867269039,270.9293518,0.131438985,0.181220084,0.585472405,49.71560287,18.41903114,32.67765808,NIR,7.72,230,,,,,,,,,,
TR5,-30.27451822,149.8967081,0.45,40,50,150.1992022,5.867269039,270.9293518,0.131438985,0.181220084,0.585472405,54.54096222,14.5353899,27.29224014,NIR,8.98,166,,,,,,,,,,
TS3,-30.27940988,149.876962,0.05,0,10,161.2279669,3.608527899,255.3645477,0.138800099,0.18593137,0.622257531,57.07240295,17.50669289,28.09659767,NIR,8.48,120,,,,,,,,,,
TS3,-30.27940988,149.876962,0.45,40,50,161.2279669,3.608527899,255.3645477,0.138800099,0.18593137,0.622257531,62.86555862,14.41750622,26.38430405,NIR,9.13,245,,,,,,,,,,
TT3,-30.26483213,149.87578,0.05,0,10,141.296925,5.611783504,256.8392334,0.131249562,0.174251676,0.601809978,46.67924118,19.11826897,36.70170212,NIR,7.46,100,,,,,,,,,,
TT3,-30.26483213,149.87578,0.45,40,50,141.296925,5.611783504,256.8392334,0.131249562,0.174251676,0.601809978,53.6761055,19.46219063,26.82689667,NIR,6.17,127,,,,,,,,,,
TU2,-30.26998376,149.8735329,0.05,0,10,141.2682404,4.59849453,255.6725159,0.126386747,0.181219801,0.556784689,51.69579315,21.87350655,21.79549026,NIR,8.23,164,,,,,,,,,,
TU2,-30.26998376,149.8735329,0.45,40,50,141.2682404,4.59849453,255.6725159,0.126386747,0.181219801,0.556784689,56.94148636,26.0777626,13.06475258,NIR,9.46,278,,,,,,,,,,
TU3,-30.26983936,149.886746,0.05,0,10,136.481418,4.982136726,265.054657,0.138443351,0.180996746,0.64171654,48.02513123,16.968153,33.51089096,NIR,6.08,63,,,,,,,,,,
TU3,-30.26983936,149.886746,0.45,40,50,136.481418,4.982136726,265.054657,0.138443351,0.180996746,0.64171654,54.13737106,23.37811089,19.87405014,NIR,8.99,169,,,,,,,,,,
TU4,-30.2688634,149.892917,0.05,0,10,147.6252782,5.434982777,270.3509216,0.133946374,0.177788958,0.600216329,49.92468262,24.18282318,23.43052101,NIR,8.82,139,,,,,,,,,,
TU4,-30.2688634,149.892917,0.45,40,50,147.6252782,5.434982777,270.3509216,0.133946374,0.177788958,0.600216329,52.9157486,21.99301529,24.33031082,NIR,8.81,109,,,,,,,,,,
TU5,-30.27022603,149.900733,0.05,0,10,151.7463163,5.321398258,275.617157,0.130959287,0.177882925,0.602428913,52.37397385,20.21341133,20.36465454,NIR,8.23,87,,,,,,,,,,
TU5,-30.27022603,149.900733,0.45,40,50,151.7463163,5.321398258,275.617157,0.130959287,0.177882925,0.602428913,51.99765015,24.48374367,23.12042427,NIR,7.95,205,,,,,,,,,,
TV2,-30.26485943,149.8693111,0.05,0,10,149.428818,4.529580116,254.3390961,0.122576281,0.173804268,0.622922063,56.03993225,24.76534843,15.66086006,NIR,8.44,104,,,,,,,,,,
TV2,-30.26485943,149.8693111,0.45,40,50,149.428818,4.529580116,254.3390961,0.122576281,0.173804268,0.622922063,57.47693634,27.35276604,17.58029556,NIR,9.36,196,,,,,,,,,,
TV3,-30.26306896,149.881058,0.05,0,10,160.9186163,5.259121895,260.4108582,0.127235308,0.177091628,0.647127509,61.05606079,20.14095688,16.14531326,NIR,8.39,74,,,,,,,,,,
TV3,-30.26306896,149.881058,0.45,40,50,160.9186163,5.259121895,260.4108582,0.127235308,0.177091628,0.647127509,61.75490952,19.40681839,10.7413168,NIR,9.1,156,,,,,,,,,,
TV4,-30.2601708,149.88789,0.05,0,10,132.5751373,5.373728752,263.0808716,0.134869292,0.181613564,0.612178385,52.34920883,20.26802635,25.60327339,NIR,8.27,46,,,,,,,,,,
TV4,-30.2601708,149.88789,0.45,40,50,132.5751373,5.373728752,263.0808716,0.134869292,0.181613564,0.612178385,53.54440308,20.70678711,20.87504768,NIR,8.2,497,,,,,,,,,,
TV5,-30.25877285,149.8920699,0.05,0,10,177.5890466,4.904584408,264.3049622,0.135059163,0.177165926,0.669931114,43.27292252,26.62706947,34.26282883,NIR,8.59,74,,,,,,,,,,
TV5,-30.25877285,149.8920699,0.45,40,50,177.5890466,4.904584408,264.3049622,0.135059163,0.177165926,0.669931114,50.21176147,25.49026489,14.61378002,NIR,9.14,230,,,,,,,,,,
TW1,-30.26366305,149.870083,0.05,0,10,152.7977589,4.248751163,252.6974792,0.126442671,0.177341357,0.640031755,62.42014313,15.88889694,17.06096268,NIR,8.72,135,,,,,,,,,,
TW1,-30.26366305,149.870083,0.45,40,50,152.7977589,4.248751163,252.6974792,0.126442671,0.177341357,0.640031755,55.74895477,20.54476357,27.93981552,NIR,9.19,1758,,,,,,,,,,
TW2,-30.26237201,149.871747,0.05,0,10,155.8839813,4.072712421,252.5924683,0.127014145,0.174156591,0.599898577,59.38851929,19.8601799,15.01794434,NIR,8.69,113,,,,,,,,,,
TW2,-30.26237201,149.871747,0.45,40,50,155.8839813,4.072712421,252.5924683,0.127014145,0.174156591,0.599898577,61.47409439,21.52475166,14.11490154,NIR,9.46,263,,,,,,,,,,
TW3,-30.26057455,149.873452,0.05,0,10,153.5143098,4.572698593,253.0216522,0.127238885,0.17938076,0.629238605,60.61373138,22.56275558,11.94360733,NIR,8.36,116,,,,,,,,,,
TW3,-30.26057455,149.873452,0.45,40,50,153.5143098,4.572698593,253.0216522,0.127238885,0.17938076,0.629238605,59.30554962,21.76328659,17.15895081,NIR,9.21,175,,,,,,,,,,
TW4,-30.25741709,149.875036,0.05,0,10,148.1180126,4.38313961,253.5119934,0.135283232,0.189300433,0.579530656,62.79177094,22.06223869,14.48248959,NIR,8.58,151,,,,,,,,,,
TW4,-30.25741709,149.875036,0.45,40,50,148.1180126,4.38313961,253.5119934,0.135283232,0.189300433,0.579530656,65.85434723,20.69402504,6.293949127,NIR,9.46,247,,,,,,,,,,
TX1,-30.26706359,149.868244,0.05,0,10,NA,NA,253.0166779,0.212781385,0.365123719,0.618152499,32.485569,6.302837372,41.9550209,NIR,8.17,47,,,,,,,,,,
TX1,-30.26706359,149.868244,0.45,40,50,NA,NA,253.0166779,0.212781385,0.365123719,0.618152499,35.94532394,0,29.36070251,NIR,7.94,34,,,,,,,,,,
TX2,-30.265089,149.873158,0.05,0,10,149.2992232,4.514483929,254.7343292,0.122866496,0.168849856,0.606370866,59.36568832,28.60360718,16.06059837,NIR,9.38,352,,,,,,,,,,
TX2,-30.265089,149.873158,0.45,40,50,149.2992232,4.514483929,254.7343292,0.122866496,0.168849856,0.606370866,63.80037689,23.85470581,13.28947449,NIR,9.45,251,,,,,,,,,,
TX3,-30.26544603,149.878549,0.05,0,10,123.8098781,5.516419411,259.0404053,0.127633765,0.165359199,0.517255068,40.19197845,16.95977402,40.28711319,NIR,8.61,160,,,,,,,,,,
TX3,-30.26544603,149.878549,0.45,40,50,123.8098781,5.516419411,259.0404053,0.127633765,0.165359199,0.517255068,40.0255928,20.51239967,41.19304657,NIR,9.11,177,,,,,,,,,,
TX4,-30.26745495,149.885646,0.05,0,10,150.6880816,5.881145,265.271759,0.139537871,0.185621083,0.583888531,46.01008987,20.63737106,33.01125717,NIR,8.11,117,,,,,,,,,,
TX4,-30.26745495,149.885646,0.45,40,50,150.6880816,5.881145,265.271759,0.139537871,0.185621083,0.583888531,45.74581909,25.13512421,30.15254402,NIR,7.79,247,,,,,,,,,,
TX5,-30.26781444,149.8900111,0.05,0,10,135.5999873,6.193211555,268.6844482,0.14504452,0.177410692,0.590276182,43.8091011,18.9871788,36.32995605,NIR,7.15,65,,,,,,,,,,
TX5,-30.26781444,149.8900111,0.45,40,50,135.5999873,6.193211555,268.6844482,0.14504452,0.177410692,0.590276182,47.26560593,23.4912796,26.20146179,NIR,8.3,169,,,,,,,,,,
TZ1,-30.27122614,149.877422,0.05,0,10,134.7981035,4.671042919,258.8310852,0.12224526,0.171681866,0.65982461,56.70261765,24.25634575,13.4070425,NIR,8.58,157,,,,,,,,,,
TZ1,-30.27122614,149.877422,0.45,40,50,134.7981035,4.671042919,258.8310852,0.12224526,0.171681866,0.65982461,52.6635704,22.05438232,28.06902313,NIR,9.52,321,,,,,,,,,,
TZ2,-30.27776045,149.878358,0.05,0,10,186.8066311,3.139384031,257.5066833,0.122776091,0.173865855,0.626913905,56.24849701,22.12983704,21.58431435,NIR,8.94,39,,,,,,,,,,
TZ2,-30.27776045,149.878358,0.45,40,50,186.8066311,3.139384031,257.5066833,0.122776091,0.173865855,0.626913905,59.72797012,22.3163681,24.6190033,NIR,9.28,261,,,,,,,,,,
TZ3,-30.27971355,149.87881,0.05,0,10,179.8304671,3.499945879,256.4572754,0.119439788,0.166072205,0.592758894,52.02460098,24.24422646,23.72652245,NIR,8.96,74,,,,,,,,,,
TZ3,-30.27971355,149.87881,0.45,40,50,179.8304671,3.499945879,256.4572754,0.119439788,0.166072205,0.592758894,54.6452446,27.10752487,18.88088799,NIR,9.47,129,,,,,,,,,,
